Id2,Geography,POP_TTL,mils,genX,boomers,silents48001,"Anderson County, Texas",57915,15811,13842,15753,318548003,"Andrews County, Texas",16775,4680,3321,3590,83948005,"Angelina County, Texas",87748,22902,16584,23341,561648007,"Aransas County, Texas",24292,4591,4032,9304,262448009,"Archer County, Texas",8779,2002,1659,2932,67648011,"Armstrong County, Texas",1943,437,344,651,19448013,"Atascosa County, Texas",47050,12280,8704,12468,258848015,"Austin County, Texas",28886,6528,5459,9070,196448017,"Bailey County, Texas",7126,1746,1254,1696,59948019,"Bandera County, Texas",20796,3681,3369,8921,185148021,"Bastrop County, Texas",76948,18391,15467,22777,392448023,"Baylor County, Texas",3628,613,729,1288,43248025,"Bee County, Texas",32659,10418,7152,7708,160048027,"Bell County, Texas",326041,109550,59339,66186,1271648029,"Bexar County, Texas",1825502,556778,357798,421691,8397348031,"Blanco County, Texas",10723,1962,1877,4311,85848033,"Borden County, Texas",705,152,119,161,8848035,"Bosque County, Texas",17971,3594,3001,6326,179748037,"Bowie County, Texas",93155,24593,18165,25711,614848039,"Brazoria County, Texas",331741,88243,72320,82272,1360148041,"Brazos County, Texas",205271,97298,30380,34691,697948043,"Brewster County, Texas",9235,2198,1718,3121,61948045,"Briscoe County, Texas",1670,376,311,518,15248047,"Brooks County, Texas",7221,2448,1141,1661,57048049,"Brown County, Texas",37833,9420,6545,11615,310248051,"Burleson County, Texas",17293,3753,3268,5499,145348053,"Burnet County, Texas",44144,9756,7504,15053,388548055,"Caldwell County, Texas",39347,11725,7476,10348,216448057,"Calhoun County, Texas",21666,5503,3965,6175,149548059,"Callahan County, Texas",13532,2828,2436,4506,113748061,"Cameron County, Texas",417947,117443,76484,90277,2256948063,"Camp County, Texas",12516,3204,2115,3530,95148065,"Carson County, Texas",6068,1390,1001,1905,46748067,"Cass County, Texas",30328,6642,5398,10039,269948069,"Castro County, Texas",7948,1971,1383,2003,57248071,"Chambers County, Texas",37251,9611,8121,9574,137848073,"Cherokee County, Texas",51167,12945,9517,14173,353148075,"Childress County, Texas",7059,2372,1200,1765,50848077,"Clay County, Texas",10479,2190,1834,3751,88048079,"Cochran County, Texas",2993,790,524,748,21548081,"Coke County, Texas",3238,554,576,1221,36948083,"Coleman County, Texas",8536,1733,1374,3116,82848085,"Collin County, Texas",862215,221589,212967,203483,2845348087,"Collingsworth County, Texas",3058,700,361,985,28148089,"Colorado County, Texas",20757,4484,3425,6829,199348091,"Comal County, Texas",119632,26798,22969,39479,789648093,"Comanche County, Texas",13623,2834,2370,4468,132148095,"Concho County, Texas",4086,1079,1009,1099,29448097,"Cooke County, Texas",38761,9613,6744,11977,283048099,"Coryell County, Texas",76128,27102,15606,14008,251248101,"Cottle County, Texas",1510,266,148,598,16348103,"Crane County, Texas",4730,1320,856,1135,25148105,"Crockett County, Texas",3699,910,618,1254,20048107,"Crosby County, Texas",6007,1424,997,1706,48148109,"Culberson County, Texas",2296,661,328,726,14248111,"Dallam County, Texas",7014,2139,1312,1473,22448113,"Dallas County, Texas",2485003,745501,516881,554156,9691548115,"Dawson County, Texas",13542,4361,2302,3196,93448117,"Deaf Smith County, Texas",19245,5369,3406,4215,105848119,"Delta County, Texas",5223,1170,883,1755,44448121,"Denton County, Texas",731851,214432,171253,165398,2049248123,"DeWitt County, Texas",20540,4642,3923,6224,199248125,"Dickens County, Texas",2281,424,486,782,19448127,"Dimmit County, Texas",10682,2724,1987,2660,66248129,"Donley County, Texas",3588,958,513,1123,41648131,"Duval County, Texas",11577,3276,2130,3010,90348133,"Eastland County, Texas",18328,4509,2676,5993,179648135,"Ector County, Texas",149557,46662,26621,32304,628148137,"Edwards County, Texas",1906,337,366,753,17748139,"Ellis County, Texas",157058,41777,32040,40992,675348141,"El Paso County, Texas",831095,255146,155415,182010,4072448143,"Erath County, Texas",40039,14854,6206,9409,244248145,"Falls County, Texas",17410,4527,3465,4997,130648147,"Fannin County, Texas",33748,8302,6446,10529,259948149,"Fayette County, Texas",24849,4920,4075,8921,260948151,"Fisher County, Texas",3858,934,575,1238,42448153,"Floyd County, Texas",6178,1477,1081,1674,51348155,"Foard County, Texas",1197,165,227,414,17648157,"Fort Bend County, Texas",658331,170508,150099,163924,2106748159,"Franklin County, Texas",10599,2109,1993,3402,88048161,"Freestone County, Texas",19586,4387,3800,6170,148948163,"Frio County, Texas",18168,6504,3179,3979,92748165,"Gaines County, Texas",18916,5391,3291,3840,83248167,"Galveston County, Texas",308163,81355,61633,86902,1540848169,"Garza County, Texas",6410,1699,2026,1455,37248171,"Gillespie County, Texas",25398,4622,3810,9423,342948173,"Glasscock County, Texas",1180,232,270,323,9348175,"Goliad County, Texas",7410,1504,1349,2616,64548177,"Gonzales County, Texas",20172,5003,3550,5749,135248179,"Gray County, Texas",22983,5907,4482,5999,174748181,"Grayson County, Texas",122780,30449,22223,37202,859548183,"Gregg County, Texas",123178,34367,22418,31903,800748185,"Grimes County, Texas",26961,6417,5473,8223,172648187,"Guadalupe County, Texas",143460,37587,30270,37013,746048189,"Hale County, Texas",35504,10580,6391,8059,205948191,"Hall County, Texas",3203,698,503,1073,32448193,"Hamilton County, Texas",8266,1612,1339,2885,105848195,"Hansford County, Texas",5559,1329,1034,1451,36748197,"Hardeman County, Texas",3992,930,711,1317,31548199,"Hardin County, Texas",55375,13622,10687,16114,326748201,"Harris County, Texas",4356362,1319978,906123,971469,15682948203,"Harrison County, Texas",66417,16870,12154,19261,418448205,"Hartley County, Texas",6121,1561,1579,1524,39248207,"Haskell County, Texas",5853,1493,989,1820,69148209,"Hays County, Texas",177562,63035,33382,39951,621548211,"Hemphill County, Texas",4115,934,757,1029,26748213,"Henderson County, Texas",79016,17779,13828,26312,663748215,"Hidalgo County, Texas",819217,244127,153194,152374,3686548217,"Hill County, Texas",34923,8067,5972,11140,282948219,"Hockley County, Texas",23322,6903,3871,5924,135348221,"Hood County, Texas",53171,11166,8773,18716,537048223,"Hopkins County, Texas",35645,8555,6594,10266,270948225,"Houston County, Texas",22949,5003,4567,7527,215748227,"Howard County, Texas",36105,10254,7329,9604,209448229,"Hudspeth County, Texas",3330,852,626,956,20048231,"Hunt County, Texas",88052,23070,16466,25535,545948233,"Hutchinson County, Texas",21858,5508,3934,6208,146448235,"Irion County, Texas",1644,353,268,575,12348237,"Jack County, Texas",8946,2594,1655,2737,58148239,"Jackson County, Texas",14486,3462,2448,4389,107248241,"Jasper County, Texas",35768,7976,6510,11088,264748243,"Jeff Davis County, Texas",2232,304,373,1114,14748245,"Jefferson County, Texas",252872,72827,47793,66758,1567848247,"Jim Hogg County, Texas",5239,1331,765,1656,33548249,"Jim Wells County, Texas",41461,11277,7214,10697,248848251,"Johnson County, Texas",155450,40262,31401,42282,761748253,"Jones County, Texas",19978,5993,4495,5374,119948255,"Karnes County, Texas",14879,4657,2797,3705,107148257,"Kaufman County, Texas",109289,28087,22841,28306,469948259,"Kendall County, Texas",37361,7808,7211,12366,295248261,"Kenedy County, Texas",565,146,84,142,1948263,"Kent County, Texas",821,140,131,304,9548265,"Kerr County, Texas",50149,10882,7472,17652,626948267,"Kimble County, Texas",4486,790,641,1907,53448269,"King County, Texas",267,76,53,91,2248271,"Kinney County, Texas",3577,876,615,1238,25448273,"Kleberg County, Texas",32029,12171,4708,6950,169848275,"Knox County, Texas",3796,854,623,1078,42148277,"Lamar County, Texas",49566,12243,9170,14771,376748279,"Lamb County, Texas",13742,3436,2350,3518,114148281,"Lampasas County, Texas",20219,4650,3882,6308,141548283,"La Salle County, Texas",7191,2244,1244,1596,38848285,"Lavaca County, Texas",19549,4027,3186,6412,213148287,"Lee County, Texas",16664,4066,3083,5316,116648289,"Leon County, Texas",16819,3431,2809,5954,151448291,"Liberty County, Texas",77486,21154,15420,21154,364248293,"Limestone County, Texas",23454,5981,4245,7013,171248295,"Lipscomb County, Texas",3483,1027,575,902,22648297,"Live Oak County, Texas",11873,2897,2244,3764,102148299,"Llano County, Texas",19323,2918,2493,8502,286048301,"Loving County, Texas",117,25,25,61,048303,"Lubbock County, Texas",290782,103809,47688,64844,1483048305,"Lynn County, Texas",5764,1355,1020,1660,42748307,"McCulloch County, Texas",8273,1770,1398,2780,71148309,"McLennan County, Texas",241505,76799,41056,58927,1449048311,"McMullen County, Texas",778,187,128,210,10448313,"Madison County, Texas",13838,5023,2712,3321,91348315,"Marion County, Texas",10248,1978,1804,3945,100448317,"Martin County, Texas",5252,1408,940,1334,22648319,"Mason County, Texas",4066,850,602,1647,41148321,"Matagorda County, Texas",36598,9369,6148,10723,241548323,"Maverick County, Texas",56548,16625,10235,11988,271448325,"Medina County, Texas",47392,12275,8862,13933,293848327,"Menard County, Texas",2182,380,329,788,22348329,"Midland County, Texas",151290,46597,26627,35402,741348331,"Milam County, Texas",24344,5526,4138,7620,206948333,"Mills County, Texas",4875,853,839,1589,56648335,"Mitchell County, Texas",9169,3053,1825,2283,56848337,"Montague County, Texas",19478,4246,3233,6467,185048339,"Montgomery County, Texas",502586,128662,105543,134190,2161148341,"Moore County, Texas",22281,6439,4144,4657,91448343,"Morris County, Texas",12700,2870,2210,3912,129548345,"Motley County, Texas",1071,312,175,311,12448347,"Nacogdoches County, Texas",65531,23329,9961,15662,360448349,"Navarro County, Texas",48118,11885,8998,13666,308048351,"Newton County, Texas",14231,3501,2789,4412,96848353,"Nolan County, Texas",15061,3765,2681,4307,111548355,"Nueces County, Texas",352060,102097,64427,91888,1971548357,"Ochiltree County, Texas",10642,2863,2128,2309,45848359,"Oldham County, Texas",2071,621,273,570,13048361,"Orange County, Texas",83217,21220,15894,24050,524348363,"Palo Pinto County, Texas",27921,6506,4886,8879,203848365,"Panola County, Texas",23900,5927,4206,7098,174548367,"Parker County, Texas",121418,29383,24284,36911,643548369,"Parmer County, Texas",10004,2761,1811,2391,55048371,"Pecos County, Texas",15807,4458,3177,3999,86948373,"Polk County, Texas",46113,10514,8531,15863,327448375,"Potter County, Texas",122352,35482,23247,28386,636248377,"Presidio County, Texas",7304,1366,1541,2031,62848379,"Rains County, Texas",11037,2174,1909,4106,99348381,"Randall County, Texas",126782,36894,23201,33470,710048383,"Reagan County, Texas",3598,939,698,964,20148385,"Real County, Texas",3356,571,497,1232,57448387,"Red River County, Texas",12567,2802,2187,4361,111848389,"Reeves County, Texas",14179,4310,3048,3332,89348391,"Refugio County, Texas",7277,1630,1259,2321,68448393,"Roberts County, Texas",931,193,151,297,6248395,"Robertson County, Texas",16532,3868,2860,5075,135648397,"Rockwall County, Texas",85536,20871,19588,21812,367848399,"Runnels County, Texas",10445,2361,1744,3311,100348401,"Rusk County, Texas",53457,14006,10264,15289,347548403,"Sabine County, Texas",10440,1900,1503,4040,125348405,"San Augustine County, Texas",8695,1704,1356,3174,93048407,"San Jacinto County, Texas",27023,5648,4567,9674,197348409,"San Patricio County, Texas",66070,17773,12157,17442,383248411,"San Saba County, Texas",5893,1497,1014,1862,55448413,"Schleicher County, Texas",3224,777,567,887,17448415,"Scurry County, Texas",17238,4792,3310,4413,108648417,"Shackelford County, Texas",3352,707,610,1083,29848419,"Shelby County, Texas",25725,6380,4605,7229,174948421,"Sherman County, Texas",3066,711,702,806,17848423,"Smith County, Texas",217552,60697,39159,57869,1457648425,"Somervell County, Texas",8608,1971,1687,2686,61148427,"Starr County, Texas",62648,18481,11339,12342,294448429,"Stephens County, Texas",9452,2420,1597,2911,75648431,"Sterling County, Texas",1346,288,214,421,7048433,"Stonewall County, Texas",1414,194,214,530,16048435,"Sutton County, Texas",3966,1039,706,1027,25848437,"Swisher County, Texas",7713,2083,1172,2121,67148439,"Tarrant County, Texas",1914526,545640,400136,447999,7658148441,"Taylor County, Texas",134435,44364,21375,32399,860448443,"Terrell County, Texas",921,137,215,286,14448445,"Terry County, Texas",12687,3527,2220,3222,83748447,"Throckmorton County, Texas",1545,307,235,552,21648449,"Titus County, Texas",32553,8822,6218,7813,172548451,"Tom Green County, Texas",115056,36703,18409,29684,747948453,"Travis County, Texas",1121645,376873,249005,237789,3701448455,"Trinity County, Texas",14405,2766,2348,5243,165748457,"Tyler County, Texas",21462,5387,3885,6803,184648459,"Upshur County, Texas",40096,9503,7177,12630,268648461,"Upton County, Texas",3405,913,558,817,20448463,"Uvalde County, Texas",26952,7385,4582,6819,191448465,"Val Verde County, Texas",48980,14400,8669,11021,289048467,"Van Zandt County, Texas",52736,11444,9651,17297,432448469,"Victoria County, Texas",90099,24417,15857,24417,567648471,"Walker County, Texas",69330,25791,14282,17055,325948473,"Waller County, Texas",45847,16413,7336,11049,188048475,"Ward County, Texas",11225,2997,1998,2840,75248477,"Washington County, Texas",34236,8662,5683,10647,308148479,"Webb County, Texas",263251,80028,50544,47385,921448481,"Wharton County, Texas",41264,10646,7180,11554,297148483,"Wheeler County, Texas",5618,1270,961,1747,41048485,"Wichita County, Texas",131957,42490,22433,33253,857748487,"Wilbarger County, Texas",13158,3421,2250,3882,97448489,"Willacy County, Texas",22002,7107,4202,4840,118848491,"Williamson County, Texas",473592,125028,111768,108926,1847048493,"Wilson County, Texas",45509,10649,9147,13835,259448495,"Winkler County, Texas",7576,2068,1439,1826,35648497,"Wise County, Texas",61243,15250,11942,18005,324648499,"Wood County, Texas",42712,8713,6663,15803,461348501,"Yoakum County, Texas",8213,2053,1643,1864,39448503,"Young County, Texas",18329,3996,3098,5865,166848505,"Zapata County, Texas",14308,4178,2432,3005,55848507,"Zavala County, Texas",12060,3546,2050,2689,687